1,2
1,3
2,3
4,5
6,7
6,8
6,9
6,10
7,8
7,9
7,10
8,9
8,10
9,10
11,12
15,16
15,17
15,18
16,17
16,18
17,18
19,20
21,22
23,24
23,25
23,26
23,27
24,25
24,26
24,27
25,26
25,27
26,27
29,30
31,32
31,33
32,33
34,35
34,36
35,36
38,39
38,40
39,40
41,42
41,43
41,44
42,43
42,44
43,44
45,46
45,47
45,48
46,47
46,48
47,48
49,50
49,51
49,52
50,51
50,52
51,52
54,55
56,57
56,58
57,58
62,63
62,64
63,64
65,66
65,67
65,68
66,67
66,68
67,68
69,70
69,71
69,72
70,71
70,72
71,72
73,74
73,75
74,75
76,77
76,78
77,78
81,82
83,84
83,85
84,85
89,90
91,92
91,93
91,94
91,95
91,96
91,97
92,93
92,94
92,95
92,96
92,97
93,94
93,95
93,96
93,97
94,95
94,96
94,97
95,96
95,97
96,97
99,100
99,101
100,101
105,106
105,107
105,108
105,109
106,107
106,108
106,109
107,108
107,109
108,109
114,115
116,117
116,118
116,119
117,118
117,119
118,119
120,121
123,124
125,126
125,127
126,127
128,129
128,130
129,130
134,135
136,137
138,139
138,140
138,141
139,140
139,141
140,141
142,143
142,144
143,144
145,146
147,148
147,149
147,150
147,151
148,149
148,150
148,151
149,150
149,151
150,151
152,153
155,156
155,157
155,158
156,157
156,158
157,158
159,160
159,161
159,162
159,163
159,164
159,165
160,161
160,162
160,163
160,164
160,165
161,162
161,163
161,164
161,165
162,163
162,164
162,165
163,164
163,165
164,165
166,167
166,168
167,168
172,173
172,174
172,175
173,174
173,175
174,175
177,178
177,179
177,180
177,181
177,182
177,183
178,179
178,180
178,181
178,182
178,183
179,180
179,181
179,182
179,183
180,181
180,182
180,183
181,182
181,183
182,183
184,185
184,186
184,187
184,188
185,186
185,187
185,188
186,187
186,188
187,188
189,190
189,191
190,191
192,193
192,194
192,195
192,196
192,197
192,198
192,199
193,194
193,195
193,196
193,197
193,198
193,199
194,195
194,196
194,197
194,198
194,199
195,196
195,197
195,198
195,199
196,197
196,198
196,199
197,198
197,199
198,199
200,201
200,202
201,202
203,204
205,206
207,208
207,209
207,210
207,211
208,209
208,210
208,211
209,210
209,211
210,211
213,214
215,216
215,217
215,218
216,217
216,218
217,218
219,220
219,221
219,222
219,223
220,221
220,222
220,223
221,222
221,223
222,223
225,226
225,227
225,228
226,227
226,228
227,228
229,230
231,232
231,233
232,233
235,236
237,238
239,240
239,241
239,242
240,241
240,242
241,242
243,244
245,246
245,247
245,248
246,247
246,248
247,248
250,251
252,253
252,254
253,254
257,258
259,260
259,261
259,262
259,263
260,261
260,262
260,263
261,262
261,263
262,263
265,266
265,267
265,268
265,269
265,270
266,267
266,268
266,269
266,270
267,268
267,269
267,270
268,269
268,270
269,270
271,272
273,274
273,275
273,276
274,275
274,276
275,276
277,278
277,279
278,279
280,281
280,282
280,283
281,282
281,283
282,283
285,286
288,289
288,290
289,290
291,292
291,293
292,293
294,295
294,296
294,297
295,296
295,297
296,297
299,300
301,302
303,304
305,306
305,307
306,307
308,309
310,311
310,312
311,312
313,314
313,315
314,315
316,317
318,319
321,322
324,325
324,326
325,326
327,328
327,329
328,329
330,331
330,332
330,333
331,332
331,333
332,333
335,336
335,337
336,337
338,339
338,340
339,340
341,342
343,344
348,349
351,352
353,354
353,355
354,355
356,357
356,358
356,359
357,358
357,359
358,359
361,362
361,363
361,364
362,363
362,364
363,364
366,367
366,368
366,369
367,368
367,369
368,369
370,371
370,372
370,373
370,374
370,375
371,372
371,373
371,374
371,375
372,373
372,374
372,375
373,374
373,375
374,375
376,377
376,378
376,379
376,380
376,381
377,378
377,379
377,380
377,381
378,379
378,380
378,381
379,380
379,381
380,381
382,383
386,387
386,388
386,389
386,390
387,388
387,389
387,390
388,389
388,390
389,390
391,392
391,393
392,393
396,397
396,398
397,398
402,403
404,405
408,409
408,410
409,410
411,412
411,413
412,413
414,415
414,416
414,417
414,418
414,419
414,420
415,416
415,417
415,418
415,419
415,420
416,417
416,418
416,419
416,420
417,418
417,419
417,420
418,419
418,420
419,420
424,425
424,426
425,426
428,429
428,430
429,430
432,433
432,434
433,434
435,436
437,438
439,440
439,441
439,442
439,443
440,441
440,442
440,443
441,442
441,443
442,443
444,445
447,448
447,449
447,450
448,449
448,450
449,450
451,452
453,454
453,455
453,456
453,457
454,455
454,456
454,457
455,456
455,457
456,457
459,460
459,461
460,461
462,463
462,464
463,464
465,466
465,467
466,467
468,469
468,470
468,471
468,472
469,470
469,471
469,472
470,471
470,472
471,472
476,477
476,478
476,479
476,480
477,478
477,479
477,480
478,479
478,480
479,480
481,482
483,484
483,485
484,485
486,487
486,488
486,489
487,488
487,489
488,489
490,491
490,492
490,493
490,494
491,492
491,493
491,494
492,493
492,494
493,494
495,496
495,497
496,497
498,499
498,500
499,500
501,502
503,504
505,506
505,507
505,508
506,507
506,508
507,508
510,511
510,512
511,512
514,515
517,518
520,521
520,522
520,523
521,522
521,523
522,523
524,525
526,527
526,528
527,528
529,530
529,531
530,531
532,533
534,535
534,536
535,536
537,538
537,539
537,540
537,541
538,539
538,540
538,541
539,540
539,541
540,541
542,543
545,546
545,547
545,548
545,549
545,550
546,547
546,548
546,549
546,550
547,548
547,549
547,550
548,549
548,550
549,550
551,552
551,553
551,554
551,555
551,556
552,553
552,554
552,555
552,556
553,554
553,555
553,556
554,555
554,556
555,556
557,558
557,559
558,559
560,561
562,563
562,564
563,564
565,566
565,567
565,568
565,569
566,567
566,568
566,569
567,568
567,569
568,569
570,571
570,572
571,572
574,575
577,578
577,579
577,580
578,579
578,580
579,580
581,582
581,583
582,583
584,585
584,586
585,586
588,589
588,590
588,591
588,592
589,590
589,591
589,592
590,591
590,592
591,592
593,594
593,595
593,596
594,595
594,596
595,596
597,598
599,600
599,601
599,602
600,601
600,602
601,602
603,604
605,606
605,607
606,607
608,609
610,611
610,612
611,612
614,615
614,616
615,616
617,618
617,619
617,620
618,619
618,620
619,620
621,622
621,623
621,624
621,625
622,623
622,624
622,625
623,624
623,625
624,625
626,627
626,628
626,629
626,630
627,628
627,629
627,630
628,629
628,630
629,630
631,632
633,634
633,635
633,636
634,635
634,636
635,636
637,638
637,639
638,639
640,641
640,642
640,643
641,642
641,643
642,643
644,645
644,646
645,646
650,651
652,653
652,654
652,655
653,654
653,655
654,655
656,657
656,658
656,659
656,660
657,658
657,659
657,660
658,659
658,660
659,660
661,662
661,663
661,664
661,665
662,663
662,664
662,665
663,664
663,665
664,665
666,667
666,668
667,668
670,671
670,672
670,673
670,674
670,675
671,672
671,673
671,674
671,675
672,673
672,674
672,675
673,674
673,675
674,675
676,677
676,678
677,678
680,681
680,682
680,683
680,684
681,682
681,683
681,684
682,683
682,684
683,684
686,687
688,689
688,690
688,691
688,692
689,690
689,691
689,692
690,691
690,692
691,692
693,694
693,695
693,696
694,695
694,696
695,696
697,698
697,699
697,700
697,701
698,699
698,700
698,701
699,700
699,701
700,701
702,703
704,705
704,706
704,707
704,708
704,709
705,706
705,707
705,708
705,709
706,707
706,708
706,709
707,708
707,709
708,709
710,711
710,712
711,712
714,715
714,716
715,716
717,718
720,721
720,722
721,722
723,724
723,725
723,726
724,725
724,726
725,726
730,731
730,732
731,732
733,734
733,735
733,736
734,735
734,736
735,736
739,740
739,741
739,742
739,743
740,741
740,742
740,743
741,742
741,743
742,743
744,745
744,746
744,747
745,746
745,747
746,747
749,750
752,753
752,754
752,755
753,754
753,755
754,755
756,757
756,758
756,759
757,758
757,759
758,759
760,761
760,762
760,763
761,762
761,763
762,763
764,765
767,768
769,770
769,771
770,771
773,774
773,775
773,776
774,775
774,776
775,776
777,778
777,779
777,780
777,781
778,779
778,780
778,781
779,780
779,781
780,781
782,783
784,785
784,786
785,786
787,788
789,790
789,791
790,791
793,794
793,795
793,796
794,795
794,796
795,796
797,798
797,799
797,800
797,801
797,802
798,799
798,800
798,801
798,802
799,800
799,801
799,802
800,801
800,802
801,802
803,804
805,806
805,807
805,808
806,807
806,808
807,808
809,810
809,811
810,811
812,813
814,815
814,816
815,816
817,818
817,819
818,819
822,823
822,824
822,825
822,826
822,827
823,824
823,825
823,826
823,827
824,825
824,826
824,827
825,826
825,827
826,827
828,829
830,831
832,833
832,834
832,835
833,834
833,835
834,835
836,837
838,839
840,841
843,844
845,846
851,852
851,853
851,854
852,853
852,854
853,854
855,856
857,858
857,859
857,860
858,859
858,860
859,860
861,862
861,863
862,863
864,865
866,867
866,868
867,868
869,870
869,871
870,871
872,873
872,874
872,875
872,876
873,874
873,875
873,876
874,875
874,876
875,876
877,878
877,879
877,880
878,879
878,880
879,880
882,883
882,884
883,884
887,888
887,889
888,889
890,891
893,894
893,895
893,896
893,897
894,895
894,896
894,897
895,896
895,897
896,897
899,900
899,901
899,902
900,901
900,902
901,902
903,904
906,907
909,910
913,914
915,916
917,918
917,919
917,920
918,919
918,920
919,920
921,922
921,923
922,923
924,925
926,927
926,928
927,928
929,930
931,932
933,934
933,935
934,935
936,937
938,939
938,940
939,940
941,942
943,944
943,945
943,946
943,947
943,948
944,945
944,946
944,947
944,948
945,946
945,947
945,948
946,947
946,948
947,948
953,954
953,955
953,956
953,957
954,955
954,956
954,957
955,956
955,957
956,957
958,959
958,960
959,960
961,962
961,963
962,963
964,965
964,966
964,967
965,966
965,967
966,967
968,969
968,970
969,970
971,972
973,974
973,975
974,975
976,977
978,979
978,980
978,981
979,980
979,981
980,981
982,983
982,984
982,985
983,984
983,985
984,985
986,987
986,988
987,988
989,990
989,991
989,992
989,993
989,994
989,995
989,996
990,991
990,992
990,993
990,994
990,995
990,996
991,992
991,993
991,994
991,995
991,996
992,993
992,994
992,995
992,996
993,994
993,995
993,996
994,995
994,996
995,996
997,998
997,999
998,999
1000,1001
1000,1002
1000,1003
1000,1004
1000,1005
1000,1006
1001,1002
1001,1003
1001,1004
1001,1005
1001,1006
1002,1003
1002,1004
1002,1005
1002,1006
1003,1004
1003,1005
1003,1006
1004,1005
1004,1006
1005,1006
1008,1009
1008,1010
1008,1011
1008,1012
1009,1010
1009,1011
1009,1012
1010,1011
1010,1012
1011,1012
1014,1015
1014,1016
1014,1017
1015,1016
1015,1017
1016,1017
1018,1019
1018,1020
1018,1021
1019,1020
1019,1021
1020,1021
1023,1024
1027,1028
1029,1030
1029,1031
1029,1032
1030,1031
1030,1032
1031,1032
1034,1035
1036,1037
1036,1038
1037,1038
1039,1040
1043,1044
1043,1045
1043,1046
1043,1047
1043,1048
1044,1045
1044,1046
1044,1047
1044,1048
1045,1046
1045,1047
1045,1048
1046,1047
1046,1048
1047,1048
1049,1050
1052,1053
1052,1054
1053,1054
1055,1056
1057,1058
1057,1059
1057,1060
1058,1059
1058,1060
1059,1060
1061,1062
1061,1063
1062,1063
1064,1065
1067,1068
1067,1069
1068,1069
1071,1072
1071,1073
1072,1073
1074,1075
1074,1076
1074,1077
1074,1078
1074,1079
1075,1076
1075,1077
1075,1078
1075,1079
1076,1077
1076,1078
1076,1079
1077,1078
1077,1079
1078,1079
1081,1082
1081,1083
1081,1084
1082,1083
1082,1084
1083,1084
1085,1086
1085,1087
1085,1088
1085,1089
1086,1087
1086,1088
1086,1089
1087,1088
1087,1089
1088,1089
1090,1091
1094,1095
1096,1097
1096,1098
1097,1098
1100,1101
1102,1103
1104,1105
1106,1107
1106,1108
1106,1109
1107,1108
1107,1109
1108,1109
1110,1111
1110,1112
1111,1112
1113,1114
1117,1118
1119,1120
1119,1121
1119,1122
1120,1121
1120,1122
1121,1122
1123,1124
1125,1126
1128,1129
1128,1130
1128,1131
1129,1130
1129,1131
1130,1131
1132,1133
1134,1135
1136,1137
1138,1139
1138,1140
1138,1141
1138,1142
1139,1140
1139,1141
1139,1142
1140,1141
1140,1142
1141,1142
1146,1147
1146,1148
1146,1149
1146,1150
1146,1151
1147,1148
1147,1149
1147,1150
1147,1151
1148,1149
1148,1150
1148,1151
1149,1150
1149,1151
1150,1151
1152,1153
1152,1154
1153,1154
1156,1157
1156,1158
1156,1159
1156,1160
1157,1158
1157,1159
1157,1160
1158,1159
1158,1160
1159,1160
1161,1162
1161,1163
1161,1164
1162,1163
1162,1164
1163,1164
1165,1166
1165,1167
1165,1168
1166,1167
1166,1168
1167,1168
1169,1170
1169,1171
1169,1172
1170,1171
1170,1172
1171,1172
1174,1175
1176,1177
1176,1178
1176,1179
1177,1178
1177,1179
1178,1179
1181,1182
1181,1183
1181,1184
1182,1183
1182,1184
1183,1184
1187,1188
1187,1189
1187,1190
1188,1189
1188,1190
1189,1190
1191,1192
1193,1194
1195,1196
1195,1197
1195,1198
1195,1199
1196,1197
1196,1198
1196,1199
1197,1198
1197,1199
1198,1199
1201,1202
1201,1203
1202,1203
1204,1205
1204,1206
1204,1207
1205,1206
1205,1207
1206,1207
1208,1209
1208,1210
1208,1211
1209,1210
1209,1211
1210,1211
1213,1214
1213,1215
1213,1216
1214,1215
1214,1216
1215,1216
1220,1221
1220,1222
1220,1223
1221,1222
1221,1223
1222,1223
1224,1225
1224,1226
1224,1227
1224,1228
1225,1226
1225,1227
1225,1228
1226,1227
1226,1228
1227,1228
1229,1230
1231,1232
1231,1233
1231,1234
1232,1233
1232,1234
1233,1234
1235,1236
1235,1237
1235,1238
1236,1237
1236,1238
1237,1238
1243,1244
1246,1247
1248,1249
1250,1251
1252,1253
1252,1254
1252,1255
1252,1256
1252,1257
1252,1258
1253,1254
1253,1255
1253,1256
1253,1257
1253,1258
1254,1255
1254,1256
1254,1257
1254,1258
1255,1256
1255,1257
1255,1258
1256,1257
1256,1258
1257,1258
1259,1260
1259,1261
1259,1262
1260,1261
1260,1262
1261,1262
1263,1264
1266,1267
1269,1270
1269,1271
1269,1272
1270,1271
1270,1272
1271,1272
1273,1274
1275,1276
1277,1278
1277,1279
1277,1280
1277,1281
1278,1279
1278,1280
1278,1281
1279,1280
1279,1281
1280,1281
1282,1283
1282,1284
1282,1285
1282,1286
1282,1287
1283,1284
1283,1285
1283,1286
1283,1287
1284,1285
1284,1286
1284,1287
1285,1286
1285,1287
1286,1287
1288,1289
1290,1291
1292,1293
1292,1294
1293,1294
1295,1296
1297,1298
1297,1299
1298,1299
1300,1301
1300,1302
1300,1303
1301,1302
1301,1303
1302,1303
1304,1305
1304,1306
1304,1307
1304,1308
1305,1306
1305,1307
1305,1308
1306,1307
1306,1308
1307,1308
1309,1310
1309,1311
1310,1311
1314,1315
1316,1317
1319,1320
1322,1323
1322,1324
1322,1325
1322,1326
1323,1324
1323,1325
1323,1326
1324,1325
1324,1326
1325,1326
1327,1328
1327,1329
1328,1329
1331,1332
1333,1334
1335,1336
1335,1337
1335,1338
1335,1339
1336,1337
1336,1338
1336,1339
1337,1338
1337,1339
1338,1339
1340,1341
1340,1342
1341,1342
1343,1344
1345,1346
1345,1347
1346,1347
1348,1349
1348,1350
1348,1351
1349,1350
1349,1351
1350,1351
1353,1354
1353,1355
1354,1355
1356,1357
1356,1358
1356,1359
1356,1360
1356,1361
1357,1358
1357,1359
1357,1360
1357,1361
1358,1359
1358,1360
1358,1361
1359,1360
1359,1361
1360,1361
1362,1363
1364,1365
1366,1367
1369,1370
1369,1371
1370,1371
1372,1373
1374,1375
1374,1376
1375,1376
1377,1378
1379,1380
1379,1381
1379,1382
1380,1381
1380,1382
1381,1382
1383,1384
1383,1385
1383,1386
1384,1385
1384,1386
1385,1386
1387,1388
1387,1389
1387,1390
1388,1389
1388,1390
1389,1390
1391,1392
1391,1393
1392,1393
1395,1396
1395,1397
1396,1397
1399,1400
1401,1402
1405,1406
1405,1407
1405,1408
1405,1409
1406,1407
1406,1408
1406,1409
1407,1408
1407,1409
1408,1409
1410,1411
1412,1413
1414,1415
1416,1417
1416,1418
1417,1418
1419,1420
1423,1424
1423,1425
1423,1426
1424,1425
1424,1426
1425,1426
1427,1428
1430,1431
1430,1432
1431,1432
1433,1434
1436,1437
1436,1438
1436,1439
1437,1438
1437,1439
1438,1439
1440,1441
1440,1442
1441,1442
1443,1444
1443,1445
1444,1445
1447,1448
1447,1449
1448,1449
1450,1451
1450,1452
1450,1453
1451,1452
1451,1453
1452,1453
1455,1456
1455,1457
1455,1458
1456,1457
1456,1458
1457,1458
1459,1460
1459,1461
1460,1461
1462,1463
1464,1465
1464,1466
1464,1467
1465,1466
1465,1467
1466,1467
1468,1469
1471,1472
1473,1474
1475,1476
1475,1477
1475,1478
1476,1477
1476,1478
1477,1478
1479,1480
1481,1482
1481,1483
1482,1483
1484,1485
1486,1487
1486,1488
1487,1488
1489,1490
1489,1491
1489,1492
1489,1493
1490,1491
1490,1492
1490,1493
1491,1492
1491,1493
1492,1493
1494,1495
1494,1496
1494,1497
1495,1496
1495,1497
1496,1497
1498,1499
1498,1500
1498,1501
1499,1500
1499,1501
1500,1501
1502,1503
1502,1504
1503,1504
1505,1506
1505,1507
1505,1508
1506,1507
1506,1508
1507,1508
1510,1511
1515,1516
1521,1522
1521,1523
1522,1523
1524,1525
1524,1526
1525,1526
1527,1528
1529,1530
1531,1532
1531,1533
1532,1533
1534,1535
1541,1542
1547,1548
1549,1550
1549,1551
1550,1551
1554,1555
1554,1556
1555,1556
1557,1558
1557,1559
1558,1559
1562,1563
1562,1564
1562,1565
1562,1566
1563,1564
1563,1565
1563,1566
1564,1565
1564,1566
1565,1566
1567,1568
1567,1569
1567,1570
1568,1569
1568,1570
1569,1570
1571,1572
1573,1574
1576,1577
1576,1578
1576,1579
1576,1580
1577,1578
1577,1579
1577,1580
1578,1579
1578,1580
1579,1580
1581,1582
1581,1583
1581,1584
1581,1585
1582,1583
1582,1584
1582,1585
1583,1584
1583,1585
1584,1585
1587,1588
1587,1589
1587,1590
1588,1589
1588,1590
1589,1590
1592,1593
1592,1594
1593,1594
1596,1597
1599,1600
1599,1601
1599,1602
1600,1601
1600,1602
1601,1602
1603,1604
1603,1605
1603,1606
1604,1605
1604,1606
1605,1606
1608,1609
1608,1610
1608,1611
1608,1612
1608,1613
1609,1610
1609,1611
1609,1612
1609,1613
1610,1611
1610,1612
1610,1613
1611,1612
1611,1613
1612,1613
1614,1615
1614,1616
1614,1617
1614,1618
1614,1619
1615,1616
1615,1617
1615,1618
1615,1619
1616,1617
1616,1618
1616,1619
1617,1618
1617,1619
1618,1619
1620,1621
1622,1623
1624,1625
1624,1626
1625,1626
1627,1628
1627,1629
1627,1630
1628,1629
1628,1630
1629,1630
1631,1632
1631,1633
1631,1634
1632,1633
1632,1634
1633,1634
1635,1636
1635,1637
1635,1638
1636,1637
1636,1638
1637,1638
1639,1640
1639,1641
1640,1641
1642,1643
1642,1644
1643,1644
1645,1646
1647,1648
1651,1652
1651,1653
1652,1653
1654,1655
1654,1656
1654,1657
1654,1658
1655,1656
1655,1657
1655,1658
1656,1657
1656,1658
1657,1658
1659,1660
1659,1661
1660,1661
1662,1663
1662,1664
1662,1665
1662,1666
1662,1667
1663,1664
1663,1665
1663,1666
1663,1667
1664,1665
1664,1666
1664,1667
1665,1666
1665,1667
1666,1667
1669,1670
1669,1671
1669,1672
1670,1671
1670,1672
1671,1672
1674,1675
1674,1676
1675,1676
1677,1678
1677,1679
1677,1680
1677,1681
1677,1682
1678,1679
1678,1680
1678,1681
1678,1682
1679,1680
1679,1681
1679,1682
1680,1681
1680,1682
1681,1682
1683,1684
1683,1685
1683,1686
1683,1687
1683,1688
1684,1685
1684,1686
1684,1687
1684,1688
1685,1686
1685,1687
1685,1688
1686,1687
1686,1688
1687,1688
1689,1690
1689,1691
1690,1691
1692,1693
1692,1694
1693,1694
1695,1696
1698,1699
1698,1700
1699,1700
1701,1702
1701,1703
1702,1703
1705,1706
1705,1707
1706,1707
1708,1709
1708,1710
1708,1711
1709,1710
1709,1711
1710,1711
1712,1713
1712,1714
1713,1714
1716,1717
1720,1721
1720,1722
1720,1723
1721,1722
1721,1723
1722,1723
1724,1725
1724,1726
1724,1727
1724,1728
1725,1726
1725,1727
1725,1728
1726,1727
1726,1728
1727,1728
1729,1730
1729,1731
1729,1732
1730,1731
1730,1732
1731,1732
1737,1738
1737,1739
1737,1740
1737,1741
1738,1739
1738,1740
1738,1741
1739,1740
1739,1741
1740,1741
1743,1744
1745,1746
1745,1747
1746,1747
1748,1749
1750,1751
1750,1752
1751,1752
1755,1756
1755,1757
1756,1757
1758,1759
1758,1760
1759,1760
1761,1762
1761,1763
1762,1763
1764,1765
1764,1766
1765,1766
1768,1769
1768,1770
1768,1771
1768,1772
1768,1773
1768,1774
1768,1775
1769,1770
1769,1771
1769,1772
1769,1773
1769,1774
1769,1775
1770,1771
1770,1772
1770,1773
1770,1774
1770,1775
1771,1772
1771,1773
1771,1774
1771,1775
1772,1773
1772,1774
1772,1775
1773,1774
1773,1775
1774,1775
1778,1779
1778,1780
1778,1781
1779,1780
1779,1781
1780,1781
1782,1783
1782,1784
1783,1784
1785,1786
1785,1787
1785,1788
1785,1789
1785,1790
1786,1787
1786,1788
1786,1789
1786,1790
1787,1788
1787,1789
1787,1790
1788,1789
1788,1790
1789,1790
1792,1793
1792,1794
1792,1795
1793,1794
1793,1795
1794,1795
1797,1798
1799,1800
1801,1802
1803,1804
1803,1805
1803,1806
1804,1805
1804,1806
1805,1806
1809,1810
1809,1811
1810,1811
1812,1813
1812,1814
1812,1815
1813,1814
1813,1815
1814,1815
1816,1817
1816,1818
1816,1819
1817,1818
1817,1819
1818,1819
1820,1821
1820,1822
1821,1822
1823,1824
1823,1825
1824,1825
1827,1828
1829,1830
1829,1831
1830,1831
1834,1835
1834,1836
1834,1837
1835,1836
1835,1837
1836,1837
1839,1840
1839,1841
1839,1842
1840,1841
1840,1842
1841,1842
1845,1846
1845,1847
1846,1847
1849,1850
1851,1852
1851,1853
1852,1853
1854,1855
1854,1856
1854,1857
1855,1856
1855,1857
1856,1857
1859,1860
1859,1861
1859,1862
1859,1863
1860,1861
1860,1862
1860,1863
1861,1862
1861,1863
1862,1863
1864,1865
1864,1866
1865,1866
1868,1869
1870,1871
1872,1873
1874,1875
1874,1876
1874,1877
1874,1878
1875,1876
1875,1877
1875,1878
1876,1877
1876,1878
1877,1878
1879,1880
1879,1881
1879,1882
1880,1881
1880,1882
1881,1882
1886,1887
1888,1889
1890,1891
1890,1892
1891,1892
1894,1895
1894,1896
1894,1897
1894,1898
1894,1899
1895,1896
1895,1897
1895,1898
1895,1899
1896,1897
1896,1898
1896,1899
1897,1898
1897,1899
1898,1899
1900,1901
1900,1902
1900,1903
1901,1902
1901,1903
1902,1903
1904,1905
1904,1906
1904,1907
1905,1906
1905,1907
1906,1907
1908,1909
1910,1911
1910,1912
1911,1912
1914,1915
1914,1916
1914,1917
1914,1918
1915,1916
1915,1917
1915,1918
1916,1917
1916,1918
1917,1918
1919,1920
1921,1922
1921,1923
1922,1923
1925,1926
1925,1927
1925,1928
1926,1927
1926,1928
1927,1928
1930,1931
1930,1932
1930,1933
1930,1934
1930,1935
1931,1932
1931,1933
1931,1934
1931,1935
1932,1933
1932,1934
1932,1935
1933,1934
1933,1935
1934,1935
1936,1937
1936,1938
1936,1939
1936,1940
1937,1938
1937,1939
1937,1940
1938,1939
1938,1940
1939,1940
1941,1942
1944,1945
1944,1946
1945,1946
1947,1948
1950,1951
1950,1952
1951,1952
1954,1955
1956,1957
1956,1958
1957,1958
1960,1961
1960,1962
1960,1963
1960,1964
1960,1965
1960,1966
1961,1962
1961,1963
1961,1964
1961,1965
1961,1966
1962,1963
1962,1964
1962,1965
1962,1966
1963,1964
1963,1965
1963,1966
1964,1965
1964,1966
1965,1966
1967,1968
1967,1969
1968,1969
1971,1972
1971,1973
1971,1974
1972,1973
1972,1974
1973,1974
1975,1976
1975,1977
1976,1977
1978,1979
1980,1981
1980,1982
1980,1983
1981,1982
1981,1983
1982,1983
1984,1985
1987,1988
1987,1989
1987,1990
1988,1989
1988,1990
1989,1990
1991,1992
1991,1993
1992,1993
1994,1995
1997,1998
1997,1999
1998,1999
2000,2001
2000,2002
2000,2003
2001,2002
2001,2003
2002,2003
2005,2006
2005,2007
2005,2008
2006,2007
2006,2008
2007,2008
2009,2010
2009,2011
2009,2012
2009,2013
2010,2011
2010,2012
2010,2013
2011,2012
2011,2013
2012,2013
2014,2015
2014,2016
2015,2016
2017,2018
2019,2020
2021,2022
2021,2023
2022,2023
2024,2025
2026,2027
2026,2028
2026,2029
2027,2028
2027,2029
2028,2029
2030,2031
2030,2032
2030,2033
2030,2034
2031,2032
2031,2033
2031,2034
2032,2033
2032,2034
2033,2034
2036,2037
2036,2038
2037,2038
2040,2041
2040,2042
2040,2043
2041,2042
2041,2043
2042,2043
2045,2046
2045,2047
2045,2048
2045,2049
2046,2047
2046,2048
2046,2049
2047,2048
2047,2049
2048,2049
2053,2054
2053,2055
2053,2056
2053,2057
2054,2055
2054,2056
2054,2057
2055,2056
2055,2057
2056,2057
2060,2061
2060,2062
2061,2062
2065,2066
2067,2068
2067,2069
2068,2069
2070,2071
2070,2072
2071,2072
2073,2074
2073,2075
2074,2075
2076,2077
2076,2078
2076,2079
2076,2080
2076,2081
2077,2078
2077,2079
2077,2080
2077,2081
2078,2079
2078,2080
2078,2081
2079,2080
2079,2081
2080,2081
2082,2083
2082,2084
2082,2085
2082,2086
2083,2084
2083,2085
2083,2086
2084,2085
2084,2086
2085,2086
2087,2088
2087,2089
2088,2089
2090,2091
2093,2094
2093,2095
2093,2096
2093,2097
2094,2095
2094,2096
2094,2097
2095,2096
2095,2097
2096,2097
2098,2099
2100,2101
2100,2102
2100,2103
2101,2102
2101,2103
2102,2103
2104,2105
2104,2106
2104,2107
2105,2106
2105,2107
2106,2107
2108,2109
2110,2111
2110,2112
2111,2112
2113,2114
2113,2115
2114,2115
2117,2118
2117,2119
2117,2120
2118,2119
2118,2120
2119,2120
2121,2122
2121,2123
2121,2124
2121,2125
2121,2126
2122,2123
2122,2124
2122,2125
2122,2126
2123,2124
2123,2125
2123,2126
2124,2125
2124,2126
2125,2126
2128,2129
2128,2130
2128,2131
2128,2132
2128,2133
2129,2130
2129,2131
2129,2132
2129,2133
2130,2131
2130,2132
2130,2133
2131,2132
2131,2133
2132,2133
2134,2135
2134,2136
2134,2137
2134,2138
2134,2139
2134,2140
2135,2136
2135,2137
2135,2138
2135,2139
2135,2140
2136,2137
2136,2138
2136,2139
2136,2140
2137,2138
2137,2139
2137,2140
2138,2139
2138,2140
2139,2140
2143,2144
2143,2145
2144,2145
2146,2147
2146,2148
2147,2148
2149,2150
2149,2151
2149,2152
2150,2151
2150,2152
2151,2152
2156,2157
2156,2158
2156,2159
2156,2160
2156,2161
2156,2162
2157,2158
2157,2159
2157,2160
2157,2161
2157,2162
2158,2159
2158,2160
2158,2161
2158,2162
2159,2160
2159,2161
2159,2162
2160,2161
2160,2162
2161,2162
2163,2164
2163,2165
2164,2165
2167,2168
2167,2169
2168,2169
2170,2171
2173,2174
2175,2176
2175,2177
2176,2177
2179,2180
2179,2181
2179,2182
2180,2181
2180,2182
2181,2182
2185,2186
2185,2187
2185,2188
2186,2187
2186,2188
2187,2188
2189,2190
2189,2191
2189,2192
2190,2191
2190,2192
2191,2192
2195,2196
2195,2197
2196,2197
2198,2199
2198,2200
2199,2200
2201,2202
2201,2203
2202,2203
2204,2205
2206,2207
2206,2208
2207,2208
2209,2210
2209,2211
2209,2212
2210,2211
2210,2212
2211,2212
2214,2215
2214,2216
2215,2216
2217,2218
2217,2219
2218,2219
2220,2221
2220,2222
2221,2222
2223,2224
2223,2225
2223,2226
2224,2225
2224,2226
2225,2226
2227,2228
2227,2229
2228,2229
2230,2231
2234,2235
2234,2236
2234,2237
2235,2236
2235,2237
2236,2237
2239,2240
2239,2241
2239,2242
2240,2241
2240,2242
2241,2242
2243,2244
2243,2245
2244,2245
2246,2247
2246,2248
2247,2248
2251,2252
2251,2253
2251,2254
2252,2253
2252,2254
2253,2254
2255,2256
2255,2257
2255,2258
2255,2259
2255,2260
2255,2261
2256,2257
2256,2258
2256,2259
2256,2260
2256,2261
2257,2258
2257,2259
2257,2260
2257,2261
2258,2259
2258,2260
2258,2261
2259,2260
2259,2261
2260,2261
2262,2263
2262,2264
2262,2265
2263,2264
2263,2265
2264,2265
2266,2267
2266,2268
2267,2268
2269,2270
2269,2271
2269,2272
2270,2271
2270,2272
2271,2272
2273,2274
2273,2275
2273,2276
2274,2275
2274,2276
2275,2276
2278,2279
2278,2280
2278,2281
2279,2280
2279,2281
2280,2281
2282,2283
2282,2284
2282,2285
2282,2286
2283,2284
2283,2285
2283,2286
2284,2285
2284,2286
2285,2286
2287,2288
2287,2289
2287,2290
2288,2289
2288,2290
2289,2290
2291,2292
2291,2293
2291,2294
2291,2295
2292,2293
2292,2294
2292,2295
2293,2294
2293,2295
2294,2295
2297,2298
2297,2299
2298,2299
2302,2303
2302,2304
2302,2305
2303,2304
2303,2305
2304,2305
2307,2308
2309,2310
2311,2312
2311,2313
2311,2314
2312,2313
2312,2314
2313,2314
2315,2316
2319,2320
2319,2321
2319,2322
2320,2321
2320,2322
2321,2322
2323,2324
2323,2325
2323,2326
2324,2325
2324,2326
2325,2326
2329,2330
2329,2331
2329,2332
2329,2333
2330,2331
2330,2332
2330,2333
2331,2332
2331,2333
2332,2333
2334,2335
2334,2336
2335,2336
2337,2338
2337,2339
2338,2339
2340,2341
2342,2343
2345,2346
2345,2347
2345,2348
2346,2347
2346,2348
2347,2348
2351,2352
2351,2353
2351,2354
2351,2355
2351,2356
2352,2353
2352,2354
2352,2355
2352,2356
2353,2354
2353,2355
2353,2356
2354,2355
2354,2356
2355,2356
2358,2359
2358,2360
2358,2361
2358,2362
2359,2360
2359,2361
2359,2362
2360,2361
2360,2362
2361,2362
2363,2364
2363,2365
2363,2366
2363,2367
2363,2368
2364,2365
2364,2366
2364,2367
2364,2368
2365,2366
2365,2367
2365,2368
2366,2367
2366,2368
2367,2368
2370,2371
2370,2372
2371,2372
2374,2375
2377,2378
2377,2379
2377,2380
2378,2379
2378,2380
2379,2380
2382,2383
2386,2387
2386,2388
2386,2389
2387,2388
2387,2389
2388,2389
2390,2391
2390,2392
2391,2392
2393,2394
2395,2396
2395,2397
2395,2398
2395,2399
2395,2400
2395,2401
2395,2402
2396,2397
2396,2398
2396,2399
2396,2400
2396,2401
2396,2402
2397,2398
2397,2399
2397,2400
2397,2401
2397,2402
2398,2399
2398,2400
2398,2401
2398,2402
2399,2400
2399,2401
2399,2402
2400,2401
2400,2402
2401,2402
2403,2404
2403,2405
2403,2406
2404,2405
2404,2406
2405,2406
2408,2409
2408,2410
2408,2411
2408,2412
2408,2413
2409,2410
2409,2411
2409,2412
2409,2413
2410,2411
2410,2412
2410,2413
2411,2412
2411,2413
2412,2413
2414,2415
2414,2416
2414,2417
2414,2418
2414,2419
2415,2416
2415,2417
2415,2418
2415,2419
2416,2417
2416,2418
2416,2419
2417,2418
2417,2419
2418,2419
2421,2422
2421,2423
2421,2424
2422,2423
2422,2424
2423,2424
2425,2426
2425,2427
2426,2427
2428,2429
2428,2430
2428,2431
2429,2430
2429,2431
2430,2431
2432,2433
2432,2434
2432,2435
2433,2434
2433,2435
2434,2435
2436,2437
2440,2441
2442,2443
2442,2444
2442,2445
2443,2444
2443,2445
2444,2445
2447,2448
2450,2451
2450,2452
2450,2453
2450,2454
2451,2452
2451,2453
2451,2454
2452,2453
2452,2454
2453,2454
2455,2456
2457,2458
2459,2460
2461,2462
2463,2464
2465,2466
2465,2467
2466,2467
2473,2474
2473,2475
2473,2476
2474,2475
2474,2476
2475,2476
2478,2479
2481,2482
2481,2483
2482,2483
2484,2485
2486,2487
2486,2488
2486,2489
2487,2488
2487,2489
2488,2489
2491,2492
2491,2493
2491,2494
2491,2495
2491,2496
2491,2497
2492,2493
2492,2494
2492,2495
2492,2496
2492,2497
2493,2494
2493,2495
2493,2496
2493,2497
2494,2495
2494,2496
2494,2497
2495,2496
2495,2497
2496,2497
2499,2500
2502,2503
2502,2504
2502,2505
2503,2504
2503,2505
2504,2505
2509,2510
2511,2512
2511,2513
2511,2514
2512,2513
2512,2514
2513,2514
2515,2516
2518,2519
2520,2521
2520,2522
2520,2523
2520,2524
2521,2522
2521,2523
2521,2524
2522,2523
2522,2524
2523,2524
2527,2528
2527,2529
2528,2529
2531,2532
2531,2533
2532,2533
2536,2537
2538,2539
2542,2543
2542,2544
2543,2544
2545,2546
2545,2547
2545,2548
2545,2549
2546,2547
2546,2548
2546,2549
2547,2548
2547,2549
2548,2549
2550,2551
2550,2552
2551,2552
2554,2555
2554,2556
2554,2557
2554,2558
2555,2556
2555,2557
2555,2558
2556,2557
2556,2558
2557,2558
2561,2562
2563,2564
2565,2566
2567,2568
2571,2572
2571,2573
2572,2573
2574,2575
2574,2576
2574,2577
2575,2576
2575,2577
2576,2577
2578,2579
2580,2581
2582,2583
2582,2584
2582,2585
2583,2584
2583,2585
2584,2585
2586,2587
2586,2588
2586,2589
2587,2588
2587,2589
2588,2589
2591,2592
2591,2593
2592,2593
2595,2596
2595,2597
2596,2597
2598,2599
2600,2601
2605,2606
2610,2611
2610,2612
2610,2613
2610,2614
2610,2615
2610,2616
2611,2612
2611,2613
2611,2614
2611,2615
2611,2616
2612,2613
2612,2614
2612,2615
2612,2616
2613,2614
2613,2615
2613,2616
2614,2615
2614,2616
2615,2616
2618,2619
2620,2621
2620,2622
2621,2622
2623,2624
2625,2626
2627,2628
2627,2629
2628,2629
2630,2631
2630,2632
2630,2633
2631,2632
2631,2633
2632,2633
2634,2635
2637,2638
2639,2640
2639,2641
2639,2642
2640,2641
2640,2642
2641,2642
2643,2644
2645,2646
2647,2648
2649,2650
2651,2652
2651,2653
2652,2653
2654,2655
2654,2656
2655,2656
2657,2658
2657,2659
2658,2659
2660,2661
2662,2663
2662,2664
2662,2665
2663,2664
2663,2665
2664,2665
2666,2667
2668,2669
2670,2671
2674,2675
2674,2676
2675,2676
2678,2679
2680,2681
2680,2682
2680,2683
2681,2682
2681,2683
2682,2683
2684,2685
2684,2686
2684,2687
2684,2688
2685,2686
2685,2687
2685,2688
2686,2687
2686,2688
2687,2688
2689,2690
2691,2692
2693,2694
2695,2696
2695,2697
2695,2698
2696,2697
2696,2698
2697,2698
2700,2701
2703,2704
2709,2710
2709,2711
2709,2712
2710,2711
2710,2712
2711,2712
2714,2715
2714,2716
2714,2717
2715,2716
2715,2717
2716,2717
2718,2719
2718,2720
2718,2721
2719,2720
2719,2721
2720,2721
2722,2723
2722,2724
2722,2725
2722,2726
2723,2724
2723,2725
2723,2726
2724,2725
2724,2726
2725,2726
2727,2728
2727,2729
2727,2730
2728,2729
2728,2730
2729,2730
2731,2732
2731,2733
2731,2734
2732,2733
2732,2734
2733,2734
2735,2736
2735,2737
2735,2738
2735,2739
2736,2737
2736,2738
2736,2739
2737,2738
2737,2739
2738,2739
2742,2743
2742,2744
2742,2745
2743,2744
2743,2745
2744,2745
2746,2747
2746,2748
2746,2749
2747,2748
2747,2749
2748,2749
2751,2752
2753,2754
2753,2755
2753,2756
2753,2757
2754,2755
2754,2756
2754,2757
2755,2756
2755,2757
2756,2757
2759,2760
2759,2761
2760,2761
2764,2765
2764,2766
2765,2766
2767,2768
2767,2769
2767,2770
2767,2771
2767,2772
2767,2773
2767,2774
2768,2769
2768,2770
2768,2771
2768,2772
2768,2773
2768,2774
2769,2770
2769,2771
2769,2772
2769,2773
2769,2774
2770,2771
2770,2772
2770,2773
2770,2774
2771,2772
2771,2773
2771,2774
2772,2773
2772,2774
2773,2774
2775,2776
2775,2777
2775,2778
2775,2779
2775,2780
2776,2777
2776,2778
2776,2779
2776,2780
2777,2778
2777,2779
2777,2780
2778,2779
2778,2780
2779,2780
2781,2782
2781,2783
2782,2783
2785,2786
2785,2787
2786,2787
2788,2789
2788,2790
2788,2791
2788,2792
2789,2790
2789,2791
2789,2792
2790,2791
2790,2792
2791,2792
2795,2796
2798,2799
2798,2800
2798,2801
2799,2800
2799,2801
2800,2801
2802,2803
2802,2804
2803,2804
2805,2806
2807,2808
2807,2809
2808,2809
2811,2812
2811,2813
2812,2813
2816,2817
2818,2819
2820,2821
2820,2822
2821,2822
2823,2824
2823,2825
2823,2826
2823,2827
2824,2825
2824,2826
2824,2827
2825,2826
2825,2827
2826,2827
2828,2829
2831,2832
2834,2835
2836,2837
2838,2839
2841,2842
2841,2843
2841,2844
2842,2843
2842,2844
2843,2844
2847,2848
2847,2849
2848,2849
2850,2851
2850,2852
2850,2853
2851,2852
2851,2853
2852,2853
2854,2855
2856,2857
2856,2858
2857,2858
2859,2860
2859,2861
2859,2862
2860,2861
2860,2862
2861,2862
2863,2864
2866,2867
2866,2868
2866,2869
2866,2870
2867,2868
2867,2869
2867,2870
2868,2869
2868,2870
2869,2870
2873,2874
2873,2875
2873,2876
2874,2875
2874,2876
2875,2876
2879,2880
2879,2881
2879,2882
2880,2881
2880,2882
2881,2882
2884,2885
2884,2886
2884,2887
2885,2886
2885,2887
2886,2887
2889,2890
2889,2891
2889,2892
2890,2891
2890,2892
2891,2892
2894,2895
2894,2896
2894,2897
2895,2896
2895,2897
2896,2897
2899,2900
2901,2902
2901,2903
2901,2904
2902,2903
2902,2904
2903,2904
2906,2907
2906,2908
2906,2909
2906,2910
2906,2911
2907,2908
2907,2909
2907,2910
2907,2911
2908,2909
2908,2910
2908,2911
2909,2910
2909,2911
2910,2911
2912,2913
2912,2914
2913,2914
2915,2916
2915,2917
2915,2918
2915,2919
2915,2920
2915,2921
2916,2917
2916,2918
2916,2919
2916,2920
2916,2921
2917,2918
2917,2919
2917,2920
2917,2921
2918,2919
2918,2920
2918,2921
2919,2920
2919,2921
2920,2921
2922,2923
2922,2924
2922,2925
2923,2924
2923,2925
2924,2925
2928,2929
2928,2930
2928,2931
2929,2930
2929,2931
2930,2931
2932,2933
2934,2935
2936,2937
2938,2939
2938,2940
2938,2941
2939,2940
2939,2941
2940,2941
2942,2943
2942,2944
2943,2944
2945,2946
2947,2948
2947,2949
2948,2949
2950,2951
2952,2953
2952,2954
2952,2955
2953,2954
2953,2955
2954,2955
2957,2958
2959,2960
2961,2962
2961,2963
2961,2964
2961,2965
2962,2963
2962,2964
2962,2965
2963,2964
2963,2965
2964,2965
2966,2967
2968,2969
2970,2971
2970,2972
2970,2973
2971,2972
2971,2973
2972,2973
2974,2975
2974,2976
2974,2977
2974,2978
2975,2976
2975,2977
2975,2978
2976,2977
2976,2978
2977,2978
2982,2983
2982,2984
2982,2985
2983,2984
2983,2985
2984,2985
2986,2987
2986,2988
2987,2988
2989,2990
2989,2991
2990,2991
2992,2993
2994,2995
2996,2997
2996,2998
2997,2998
2999,3000
3001,3002
3001,3003
3001,3004
3002,3003
3002,3004
3003,3004
3006,3007
3006,3008
3007,3008
3009,3010
3013,3014
3013,3015
3014,3015
3016,3017
3018,3019
3020,3021
3020,3022
3021,3022
3024,3025
3026,3027
3029,3030
3031,3032
3031,3033
3031,3034
3031,3035
3031,3036
3032,3033
3032,3034
3032,3035
3032,3036
3033,3034
3033,3035
3033,3036
3034,3035
3034,3036
3035,3036
3037,3038
3037,3039
3038,3039
3040,3041
3040,3042
3041,3042
3043,3044
3043,3045
3043,3046
3044,3045
3044,3046
3045,3046
3051,3052
3054,3055
3054,3056
3054,3057
3054,3058
3055,3056
3055,3057
3055,3058
3056,3057
3056,3058
3057,3058
3059,3060
3059,3061
3059,3062
3060,3061
3060,3062
3061,3062
3064,3065
3064,3066
3065,3066
3067,3068
3067,3069
3067,3070
3067,3071
3067,3072
3068,3069
3068,3070
3068,3071
3068,3072
3069,3070
3069,3071
3069,3072
3070,3071
3070,3072
3071,3072
3074,3075
3074,3076
3075,3076
3078,3079
3078,3080
3079,3080
3082,3083
3082,3084
3082,3085
3082,3086
3082,3087
3082,3088
3082,3089
3083,3084
3083,3085
3083,3086
3083,3087
3083,3088
3083,3089
3084,3085
3084,3086
3084,3087
3084,3088
3084,3089
3085,3086
3085,3087
3085,3088
3085,3089
3086,3087
3086,3088
3086,3089
3087,3088
3087,3089
3088,3089
3090,3091
3090,3092
3090,3093
3091,3092
3091,3093
3092,3093
3094,3095
3094,3096
3094,3097
3095,3096
3095,3097
3096,3097
3098,3099
3098,3100
3099,3100
3101,3102
3101,3103
3101,3104
3101,3105
3102,3103
3102,3104
3102,3105
3103,3104
3103,3105
3104,3105
3106,3107
3106,3108
3107,3108
3111,3112
3111,3113
3111,3114
3112,3113
3112,3114
3113,3114
3115,3116
3119,3120
3119,3121
3119,3122
3120,3121
3120,3122
3121,3122
3123,3124
3123,3125
3124,3125
3126,3127
3128,3129
3128,3130
3129,3130
3131,3132
3131,3133
3132,3133
3135,3136
3135,3137
3136,3137
3139,3140
3142,3143
3142,3144
3143,3144
3145,3146
3145,3147
3146,3147
3149,3150
3149,3151
3150,3151
3153,3154
3153,3155
3153,3156
3153,3157
3154,3155
3154,3156
3154,3157
3155,3156
3155,3157
3156,3157
3159,3160
3161,3162
3161,3163
3162,3163
3164,3165
3164,3166
3165,3166
3167,3168
3167,3169
3168,3169
3170,3171
3170,3172
3170,3173
3170,3174
3171,3172
3171,3173
3171,3174
3172,3173
3172,3174
3173,3174
3175,3176
3175,3177
3175,3178
3176,3177
3176,3178
3177,3178
3179,3180
3179,3181
3179,3182
3179,3183
3180,3181
3180,3182
3180,3183
3181,3182
3181,3183
3182,3183
3184,3185
3186,3187
3186,3188
3187,3188
3191,3192
3191,3193
3192,3193
3194,3195
3197,3198
3199,3200
3199,3201
3199,3202
3200,3201
3200,3202
3201,3202
3203,3204
3203,3205
3203,3206
3203,3207
3203,3208
3203,3209
3204,3205
3204,3206
3204,3207
3204,3208
3204,3209
3205,3206
3205,3207
3205,3208
3205,3209
3206,3207
3206,3208
3206,3209
3207,3208
3207,3209
3208,3209
3210,3211
3210,3212
3211,3212
3214,3215
3214,3216
3215,3216
3218,3219
3218,3220
3218,3221
3218,3222
3218,3223
3219,3220
3219,3221
3219,3222
3219,3223
3220,3221
3220,3222
3220,3223
3221,3222
3221,3223
3222,3223
3224,3225
3226,3227
3226,3228
3227,3228
3229,3230
3229,3231
3230,3231
3232,3233
3236,3237
3236,3238
3237,3238
3239,3240
3239,3241
3239,3242
3239,3243
3240,3241
3240,3242
3240,3243
3241,3242
3241,3243
3242,3243
3244,3245
3244,3246
3245,3246
3247,3248
3249,3250
3249,3251
3250,3251
3253,3254
3253,3255
3254,3255
3256,3257
3256,3258
3257,3258
3259,3260
3261,3262
3261,3263
3262,3263
3266,3267
3266,3268
3267,3268
3270,3271
3272,3273
3275,3276
3275,3277
3275,3278
3276,3277
3276,3278
3277,3278
3279,3280
3279,3281
3279,3282
3280,3281
3280,3282
3281,3282
3284,3285
3284,3286
3285,3286
3287,3288
3287,3289
3288,3289
3290,3291
3290,3292
3290,3293
3291,3292
3291,3293
3292,3293
3294,3295
3294,3296
3295,3296
3298,3299
3300,3301
3300,3302
3301,3302
3304,3305
3306,3307
3308,3309
3308,3310
3309,3310
3311,3312
3314,3315
3317,3318
3319,3320
3319,3321
3320,3321
3322,3323
3322,3324
3322,3325
3322,3326
3323,3324
3323,3325
3323,3326
3324,3325
3324,3326
3325,3326
3327,3328
3327,3329
3327,3330
3328,3329
3328,3330
3329,3330
3331,3332
3331,3333
3332,3333
3334,3335
3334,3336
3335,3336
3338,3339
3341,3342
3341,3343
3342,3343
3344,3345
3344,3346
3345,3346
3347,3348
3347,3349
3347,3350
3348,3349
3348,3350
3349,3350
3352,3353
3352,3354
3353,3354
3355,3356
3358,3359
3358,3360
3359,3360
3361,3362
3363,3364
3365,3366
3368,3369
3368,3370
3368,3371
3369,3370
3369,3371
3370,3371
3372,3373
3372,3374
3372,3375
3373,3374
3373,3375
3374,3375
3377,3378
3377,3379
3377,3380
3378,3379
3378,3380
3379,3380
3382,3383
3387,3388
3389,3390
3391,3392
3391,3393
3391,3394
3392,3393
3392,3394
3393,3394
3395,3396
3395,3397
3396,3397
3398,3399
3398,3400
3398,3401
3398,3402
3399,3400
3399,3401
3399,3402
3400,3401
3400,3402
3401,3402
3403,3404
3403,3405
3403,3406
3404,3405
3404,3406
3405,3406
3407,3408
3409,3410
3411,3412
3414,3415
3416,3417
3419,3420
3421,3422
3423,3424
3425,3426
3425,3427
3425,3428
3425,3429
3426,3427
3426,3428
3426,3429
3427,3428
3427,3429
3428,3429
3430,3431
3430,3432
3431,3432
3433,3434
3436,3437
3438,3439
3438,3440
3438,3441
3439,3440
3439,3441
3440,3441
3443,3444
3445,3446
3445,3447
3446,3447
3450,3451
3450,3452
3450,3453
3451,3452
3451,3453
3452,3453
3454,3455
3454,3456
3454,3457
3455,3456
3455,3457
3456,3457
3458,3459
3460,3461
3462,3463
3462,3464
3463,3464
3465,3466
3468,3469
3468,3470
3468,3471
3468,3472
3469,3470
3469,3471
3469,3472
3470,3471
3470,3472
3471,3472
3474,3475
3474,3476
3475,3476
3477,3478
3477,3479
3478,3479
3480,3481
3480,3482
3480,3483
3481,3482
3481,3483
3482,3483
3484,3485
3484,3486
3484,3487
3484,3488
3485,3486
3485,3487
3485,3488
3486,3487
3486,3488
3487,3488
3489,3490
3489,3491
3490,3491
3492,3493
3494,3495
3494,3496
3495,3496
3499,3500
3499,3501
3499,3502
3499,3503
3499,3504
3500,3501
3500,3502
3500,3503
3500,3504
3501,3502
3501,3503
3501,3504
3502,3503
3502,3504
3503,3504
3505,3506
3505,3507
3505,3508
3506,3507
3506,3508
3507,3508
3509,3510
3511,3512
3513,3514
3515,3516
3515,3517
3515,3518
3516,3517
3516,3518
3517,3518
3519,3520
3519,3521
3519,3522
3520,3521
3520,3522
3521,3522
3523,3524
3523,3525
3523,3526
3524,3525
3524,3526
3525,3526
3528,3529
3530,3531
3530,3532
3530,3533
3530,3534
3531,3532
3531,3533
3531,3534
3532,3533
3532,3534
3533,3534
3535,3536
3537,3538
3540,3541
3543,3544
3545,3546
3547,3548
3547,3549
3548,3549
3550,3551
3552,3553
3554,3555
3554,3556
3554,3557
3555,3556
3555,3557
3556,3557
3558,3559
3558,3560
3558,3561
3559,3560
3559,3561
3560,3561
3563,3564
3563,3565
3564,3565
3566,3567
3566,3568
3567,3568
3570,3571
3570,3572
3570,3573
3571,3572
3571,3573
3572,3573
3574,3575
3574,3576
3574,3577
3574,3578
3575,3576
3575,3577
3575,3578
3576,3577
3576,3578
3577,3578
3581,3582
3581,3583
3581,3584
3582,3583
3582,3584
3583,3584
3586,3587
3586,3588
3587,3588
3589,3590
3591,3592
3593,3594
3596,3597
3600,3601
3603,3604
3603,3605
3604,3605
3607,3608
3607,3609
3608,3609
3610,3611
3610,3612
3610,3613
3611,3612
3611,3613
3612,3613
3614,3615
3614,3616
3614,3617
3615,3616
3615,3617
3616,3617
3618,3619
3618,3620
3618,3621
3619,3620
3619,3621
3620,3621
3622,3623
3624,3625
3624,3626
3625,3626
3629,3630
3631,3632
3631,3633
3632,3633
3634,3635
3636,3637
3638,3639
3638,3640
3639,3640
3641,3642
3641,3643
3641,3644
3642,3643
3642,3644
3643,3644
3647,3648
3647,3649
3647,3650
3648,3649
3648,3650
3649,3650
3652,3653
3654,3655
3654,3656
3655,3656
3657,3658
3659,3660
3659,3661
3659,3662
3660,3661
3660,3662
3661,3662
3663,3664
3665,3666
3667,3668
3667,3669
3667,3670
3668,3669
3668,3670
3669,3670
3671,3672
3673,3674
3673,3675
3674,3675
3684,3685
3684,3686
3684,3687
3685,3686
3685,3687
3686,3687
3688,3689
3688,3690
3688,3691
3689,3690
3689,3691
3690,3691
3692,3693
3692,3694
3692,3695
3693,3694
3693,3695
3694,3695
3697,3698
3700,3701
3702,3703
3702,3704
3702,3705
3702,3706
3702,3707
3703,3704
3703,3705
3703,3706
3703,3707
3704,3705
3704,3706
3704,3707
3705,3706
3705,3707
3706,3707
3709,3710
3711,3712
3711,3713
3712,3713
3714,3715
3714,3716
3715,3716
3717,3718
3719,3720
3721,3722
3721,3723
3721,3724
3722,3723
3722,3724
3723,3724
3725,3726
3725,3727
3725,3728
3726,3727
3726,3728
3727,3728
3730,3731
3733,3734
3735,3736
3737,3738
3737,3739
3737,3740
3738,3739
3738,3740
3739,3740
3741,3742
3741,3743
3741,3744
3742,3743
3742,3744
3743,3744
3745,3746
3745,3747
3745,3748
3746,3747
3746,3748
3747,3748
3749,3750
3752,3753
3754,3755
3754,3756
3755,3756
3762,3763
3762,3764
3763,3764
3765,3766
3765,3767
3766,3767
3768,3769
3768,3770
3768,3771
3769,3770
3769,3771
3770,3771
3773,3774
3773,3775
3774,3775
3778,3779
3778,3780
3779,3780
3784,3785
3784,3786
3784,3787
3784,3788
3784,3789
3784,3790
3785,3786
3785,3787
3785,3788
3785,3789
3785,3790
3786,3787
3786,3788
3786,3789
3786,3790
3787,3788
3787,3789
3787,3790
3788,3789
3788,3790
3789,3790
3792,3793
3792,3794
3792,3795
3793,3794
3793,3795
3794,3795
3797,3798
3800,3801
3802,3803
3804,3805
3804,3806
3804,3807
3805,3806
3805,3807
3806,3807
3808,3809
3808,3810
3809,3810
3811,3812
3811,3813
3812,3813
3815,3816
3815,3817
3815,3818
3816,3817
3816,3818
3817,3818
3819,3820
3822,3823
3822,3824
3822,3825
3823,3824
3823,3825
3824,3825
3826,3827
3826,3828
3827,3828
3829,3830
3829,3831
3830,3831
3832,3833
3832,3834
3832,3835
3833,3834
3833,3835
3834,3835
3836,3837
3838,3839
3840,3841
3840,3842
3841,3842
3843,3844
3843,3845
3843,3846
3844,3845
3844,3846
3845,3846
3850,3851
3852,3853
3852,3854
3852,3855
3852,3856
3852,3857
3853,3854
3853,3855
3853,3856
3853,3857
3854,3855
3854,3856
3854,3857
3855,3856
3855,3857
3856,3857
3858,3859
3858,3860
3858,3861
3859,3860
3859,3861
3860,3861
3863,3864
3863,3865
3863,3866
3864,3865
3864,3866
3865,3866
3868,3869
3868,3870
3868,3871
3868,3872
3868,3873
3869,3870
3869,3871
3869,3872
3869,3873
3870,3871
3870,3872
3870,3873
3871,3872
3871,3873
3872,3873
3874,3875
3874,3876
3874,3877
3875,3876
3875,3877
3876,3877
3878,3879
3878,3880
3879,3880
3881,3882
3881,3883
3882,3883
3885,3886
3885,3887
3885,3888
3886,3887
3886,3888
3887,3888
3890,3891
3893,3894
3895,3896
3895,3897
3895,3898
3895,3899
3896,3897
3896,3898
3896,3899
3897,3898
3897,3899
3898,3899
3900,3901
3900,3902
3901,3902
3903,3904
3903,3905
3904,3905
3906,3907
3906,3908
3906,3909
3906,3910
3906,3911
3906,3912
3907,3908
3907,3909
3907,3910
3907,3911
3907,3912
3908,3909
3908,3910
3908,3911
3908,3912
3909,3910
3909,3911
3909,3912
3910,3911
3910,3912
3911,3912
3913,3914
3913,3915
3913,3916
3914,3915
3914,3916
3915,3916
3918,3919
3918,3920
3919,3920
3921,3922
3921,3923
3922,3923
3924,3925
3926,3927
3928,3929
3931,3932
3933,3934
3933,3935
3934,3935
3936,3937
3939,3940
3939,3941
3940,3941
3943,3944
3945,3946
3948,3949
3948,3950
3948,3951
3949,3950
3949,3951
3950,3951
3952,3953
3952,3954
3953,3954
3956,3957
3956,3958
3956,3959
3957,3958
3957,3959
3958,3959
3960,3961
3962,3963
3962,3964
3963,3964
3968,3969
3968,3970
3969,3970
3971,3972
3971,3973
3972,3973
3974,3975
3976,3977
3976,3978
3976,3979
3977,3978
3977,3979
3978,3979
3980,3981
3982,3983
3984,3985
3984,3986
3984,3987
3985,3986
3985,3987
3986,3987
3988,3989
3990,3991
3992,3993
3994,3995
3994,3996
3995,3996
3997,3998
4001,4002
4001,4003
4001,4004
4001,4005
4002,4003
4002,4004
4002,4005
4003,4004
4003,4005
4004,4005
4007,4008
4007,4009
4007,4010
4007,4011
4007,4012
4007,4013
4008,4009
4008,4010
4008,4011
4008,4012
4008,4013
4009,4010
4009,4011
4009,4012
4009,4013
4010,4011
4010,4012
4010,4013
4011,4012
4011,4013
4012,4013
4014,4015
4018,4019
4018,4020
4018,4021
4019,4020
4019,4021
4020,4021
4023,4024
4023,4025
4023,4026
4024,4025
4024,4026
4025,4026
4027,4028
4027,4029
4027,4030
4028,4029
4028,4030
4029,4030
4031,4032
4031,4033
4032,4033
4034,4035
4034,4036
4034,4037
4034,4038
4034,4039
4035,4036
4035,4037
4035,4038
4035,4039
4036,4037
4036,4038
4036,4039
4037,4038
4037,4039
4038,4039
4040,4041
4040,4042
4040,4043
4041,4042
4041,4043
4042,4043
4044,4045
4044,4046
4045,4046
4047,4048
4049,4050
4052,4053
4052,4054
4053,4054
4055,4056
4055,4057
4056,4057
4058,4059
4058,4060
4058,4061
4059,4060
4059,4061
4060,4061
4064,4065
4064,4066
4065,4066
4067,4068
4069,4070
4069,4071
4069,4072
4070,4071
4070,4072
4071,4072
4074,4075
4077,4078
4077,4079
4077,4080
4078,4079
4078,4080
4079,4080
4083,4084
4083,4085
4083,4086
4084,4085
4084,4086
4085,4086
4087,4088
4091,4092
4091,4093
4092,4093
4094,4095
4096,4097
4098,4099
4098,4100
4098,4101
4098,4102
4098,4103
4099,4100
4099,4101
4099,4102
4099,4103
4100,4101
4100,4102
4100,4103
4101,4102
4101,4103
4102,4103
4104,4105
4104,4106
4105,4106
4107,4108
4107,4109
4108,4109
4110,4111
4110,4112
4110,4113
4111,4112
4111,4113
4112,4113
4115,4116
4117,4118
4117,4119
4118,4119
4120,4121
4120,4122
4120,4123
4121,4122
4121,4123
4122,4123
4124,4125
4126,4127
4129,4130
4129,4131
4129,4132
4130,4131
4130,4132
4131,4132
4134,4135
4139,4140
4144,4145
4144,4146
4145,4146
4149,4150
4149,4151
4150,4151
4154,4155
4154,4156
4155,4156
4158,4159
4158,4160
4158,4161
4158,4162
4159,4160
4159,4161
4159,4162
4160,4161
4160,4162
4161,4162
4164,4165
4164,4166
4164,4167
4164,4168
4165,4166
4165,4167
4165,4168
4166,4167
4166,4168
4167,4168
4170,4171
4170,4172
4170,4173
4171,4172
4171,4173
4172,4173
4174,4175
4177,4178
4177,4179
4178,4179
4180,4181
4182,4183
4184,4185
4184,4186
4184,4187
4184,4188
4184,4189
4185,4186
4185,4187
4185,4188
4185,4189
4186,4187
4186,4188
4186,4189
4187,4188
4187,4189
4188,4189
4193,4194
4195,4196
4197,4198
4199,4200
4199,4201
4199,4202
4199,4203
4200,4201
4200,4202
4200,4203
4201,4202
4201,4203
4202,4203
4204,4205
4208,4209
4208,4210
4208,4211
4208,4212
4208,4213
4209,4210
4209,4211
4209,4212
4209,4213
4210,4211
4210,4212
4210,4213
4211,4212
4211,4213
4212,4213
4214,4215
4214,4216
4215,4216
4217,4218
4217,4219
4218,4219
4221,4222
4223,4224
4223,4225
4223,4226
4224,4225
4224,4226
4225,4226
4227,4228
4227,4229
4228,4229
4230,4231
4230,4232
4231,4232
4233,4234
4235,4236
4235,4237
4235,4238
4236,4237
4236,4238
4237,4238
4242,4243
4244,4245
4244,4246
4244,4247
4245,4246
4245,4247
4246,4247
4248,4249
4248,4250
4249,4250
4252,4253
4254,4255
4254,4256
4255,4256
4257,4258
4257,4259
4258,4259
4260,4261
4263,4264
4263,4265
4264,4265
4267,4268
4267,4269
4267,4270
4268,4269
4268,4270
4269,4270
4271,4272
4271,4273
4271,4274
4272,4273
4272,4274
4273,4274
4276,4277
4279,4280
4279,4281
4280,4281
4282,4283
4284,4285
4286,4287
4289,4290
4289,4291
4289,4292
4289,4293
4290,4291
4290,4292
4290,4293
4291,4292
4291,4293
4292,4293
4294,4295
4294,4296
4295,4296
4297,4298
4297,4299
4297,4300
4298,4299
4298,4300
4299,4300
4301,4302
4301,4303
4301,4304
4301,4305
4302,4303
4302,4304
4302,4305
4303,4304
4303,4305
4304,4305
4307,4308
4307,4309
4308,4309
4310,4311
4310,4312
4311,4312
4314,4315
4314,4316
4314,4317
4314,4318
4315,4316
4315,4317
4315,4318
4316,4317
4316,4318
4317,4318
4319,4320
4319,4321
4319,4322
4319,4323
4320,4321
4320,4322
4320,4323
4321,4322
4321,4323
4322,4323
4325,4326
4325,4327
4325,4328
4325,4329
4325,4330
4326,4327
4326,4328
4326,4329
4326,4330
4327,4328
4327,4329
4327,4330
4328,4329
4328,4330
4329,4330
4331,4332
4334,4335
4334,4336
4335,4336
4337,4338
4337,4339
4337,4340
4338,4339
4338,4340
4339,4340
4342,4343
4342,4344
4342,4345
4343,4344
4343,4345
4344,4345
4346,4347
4346,4348
4346,4349
4346,4350
4347,4348
4347,4349
4347,4350
4348,4349
4348,4350
4349,4350
4351,4352
4354,4355
4354,4356
4355,4356
4357,4358
4357,4359
4358,4359
4360,4361
4360,4362
4360,4363
4361,4362
4361,4363
4362,4363
4366,4367
4366,4368
4367,4368
4369,4370
4369,4371
4370,4371
4373,4374
4378,4379
4380,4381
4380,4382
4380,4383
4380,4384
4381,4382
4381,4383
4381,4384
4382,4383
4382,4384
4383,4384
4385,4386
4385,4387
4385,4388
4386,4387
4386,4388
4387,4388
4389,4390
4389,4391
4389,4392
4389,4393
4389,4394
4390,4391
4390,4392
4390,4393
4390,4394
4391,4392
4391,4393
4391,4394
4392,4393
4392,4394
4393,4394
4396,4397
4396,4398
4396,4399
4397,4398
4397,4399
4398,4399
4401,4402
4403,4404
4403,4405
4403,4406
4404,4405
4404,4406
4405,4406
4407,4408
4409,4410
4409,4411
4409,4412
4409,4413
4410,4411
4410,4412
4410,4413
4411,4412
4411,4413
4412,4413
4414,4415
4414,4416
4414,4417
4414,4418
4414,4419
4415,4416
4415,4417
4415,4418
4415,4419
4416,4417
4416,4418
4416,4419
4417,4418
4417,4419
4418,4419
4420,4421
4420,4422
4421,4422
4423,4424
4423,4425
4424,4425
4426,4427
4426,4428
4427,4428
4430,4431
4432,4433
4432,4434
4433,4434
4435,4436
4435,4437
4435,4438
4435,4439
4435,4440
4435,4441
4435,4442
4436,4437
4436,4438
4436,4439
4436,4440
4436,4441
4436,4442
4437,4438
4437,4439
4437,4440
4437,4441
4437,4442
4438,4439
4438,4440
4438,4441
4438,4442
4439,4440
4439,4441
4439,4442
4440,4441
4440,4442
4441,4442
4443,4444
4443,4445
4443,4446
4443,4447
4444,4445
4444,4446
4444,4447
4445,4446
4445,4447
4446,4447
4448,4449
4451,4452
4451,4453
4452,4453
4454,4455
4458,4459
4458,4460
4459,4460
4461,4462
4461,4463
4461,4464
4462,4463
4462,4464
4463,4464
4467,4468
4467,4469
4467,4470
4467,4471
4467,4472
4467,4473
4468,4469
4468,4470
4468,4471
4468,4472
4468,4473
4469,4470
4469,4471
4469,4472
4469,4473
4470,4471
4470,4472
4470,4473
4471,4472
4471,4473
4472,4473
4474,4475
4474,4476
4474,4477
4475,4476
4475,4477
4476,4477
4478,4479
4480,4481
4482,4483
4484,4485
4486,4487
4486,4488
4486,4489
4487,4488
4487,4489
4488,4489
4491,4492
4493,4494
4493,4495
4493,4496
4493,4497
4494,4495
4494,4496
4494,4497
4495,4496
4495,4497
4496,4497
4498,4499
4500,4501
4500,4502
4501,4502
4503,4504
4503,4505
4504,4505
4506,4507
4506,4508
4506,4509
4507,4508
4507,4509
4508,4509
4511,4512
4515,4516
4517,4518
4517,4519
4518,4519
4520,4521
4520,4522
4520,4523
4521,4522
4521,4523
4522,4523
4524,4525
4524,4526
4524,4527
4525,4526
4525,4527
4526,4527
4528,4529
4528,4530
4528,4531
4528,4532
4528,4533
4528,4534
4528,4535
4529,4530
4529,4531
4529,4532
4529,4533
4529,4534
4529,4535
4530,4531
4530,4532
4530,4533
4530,4534
4530,4535
4531,4532
4531,4533
4531,4534
4531,4535
4532,4533
4532,4534
4532,4535
4533,4534
4533,4535
4534,4535
4536,4537
4536,4538
4537,4538
4539,4540
4539,4541
4540,4541
4545,4546
4545,4547
4546,4547
4549,4550
4551,4552
4553,4554
4553,4555
4554,4555
4556,4557
4558,4559
4558,4560
4558,4561
4559,4560
4559,4561
4560,4561
4562,4563
4562,4564
4563,4564
4565,4566
4565,4567
4565,4568
4565,4569
4566,4567
4566,4568
4566,4569
4567,4568
4567,4569
4568,4569
4572,4573
4572,4574
4572,4575
4572,4576
4573,4574
4573,4575
4573,4576
4574,4575
4574,4576
4575,4576
4578,4579
4578,4580
4578,4581
4579,4580
4579,4581
4580,4581
4582,4583
4582,4584
4583,4584
4585,4586
4587,4588
4587,4589
4587,4590
4588,4589
4588,4590
4589,4590
4592,4593
4592,4594
4593,4594
4595,4596
4597,4598
4600,4601
4603,4604
4603,4605
4603,4606
4604,4605
4604,4606
4605,4606
4608,4609
4610,4611
4610,4612
4610,4613
4610,4614
4611,4612
4611,4613
4611,4614
4612,4613
4612,4614
4613,4614
4615,4616
4617,4618
4619,4620
4621,4622
4621,4623
4621,4624
4621,4625
4622,4623
4622,4624
4622,4625
4623,4624
4623,4625
4624,4625
4627,4628
4627,4629
4627,4630
4627,4631
4628,4629
4628,4630
4628,4631
4629,4630
4629,4631
4630,4631
4632,4633
4635,4636
4637,4638
4639,4640
4639,4641
4639,4642
4640,4641
4640,4642
4641,4642
4643,4644
4643,4645
4643,4646
4644,4645
4644,4646
4645,4646
4647,4648
4649,4650
4649,4651
4649,4652
4649,4653
4649,4654
4650,4651
4650,4652
4650,4653
4650,4654
4651,4652
4651,4653
4651,4654
4652,4653
4652,4654
4653,4654
4655,4656
4655,4657
4655,4658
4655,4659
4655,4660
4655,4661
4656,4657
4656,4658
4656,4659
4656,4660
4656,4661
4657,4658
4657,4659
4657,4660
4657,4661
4658,4659
4658,4660
4658,4661
4659,4660
4659,4661
4660,4661
4662,4663
4666,4667
4669,4670
4669,4671
4670,4671
4673,4674
4675,4676
4675,4677
4676,4677
4678,4679
4680,4681
4684,4685
4684,4686
4684,4687
4685,4686
4685,4687
4686,4687
4688,4689
4688,4690
4688,4691
4689,4690
4689,4691
4690,4691
4692,4693
4695,4696
4695,4697
4696,4697
4698,4699
4698,4700
4699,4700
4701,4702
4703,4704
4706,4707
4709,4710
4709,4711
4709,4712
4709,4713
4709,4714
4710,4711
4710,4712
4710,4713
4710,4714
4711,4712
4711,4713
4711,4714
4712,4713
4712,4714
4713,4714
4715,4716
4715,4717
4716,4717
4718,4719
4718,4720
4718,4721
4719,4720
4719,4721
4720,4721
4722,4723
4724,4725
4726,4727
4726,4728
4727,4728
4729,4730
4729,4731
4729,4732
4730,4731
4730,4732
4731,4732
4733,4734
4733,4735
4733,4736
4733,4737
4734,4735
4734,4736
4734,4737
4735,4736
4735,4737
4736,4737
4738,4739
4738,4740
4739,4740
4743,4744
4743,4745
4744,4745
4746,4747
4748,4749
4748,4750
4748,4751
4749,4750
4749,4751
4750,4751
4753,4754
4753,4755
4753,4756
4753,4757
4754,4755
4754,4756
4754,4757
4755,4756
4755,4757
4756,4757
4758,4759
4758,4760
4758,4761
4759,4760
4759,4761
4760,4761
4762,4763
4762,4764
4762,4765
4763,4764
4763,4765
4764,4765
4766,4767
4766,4768
4766,4769
4766,4770
4766,4771
4767,4768
4767,4769
4767,4770
4767,4771
4768,4769
4768,4770
4768,4771
4769,4770
4769,4771
4770,4771
4776,4777
4776,4778
4776,4779
4777,4778
4777,4779
4778,4779
4780,4781
4780,4782
4781,4782
4783,4784
4783,4785
4784,4785
4786,4787
4786,4788
4787,4788
4791,4792
4791,4793
4791,4794
4792,4793
4792,4794
4793,4794
4795,4796
4795,4797
4796,4797
4799,4800
4801,4802
4803,4804
4803,4805
4803,4806
4803,4807
4804,4805
4804,4806
4804,4807
4805,4806
4805,4807
4806,4807
4808,4809
4810,4811
4810,4812
4810,4813
4810,4814
4811,4812
4811,4813
4811,4814
4812,4813
4812,4814
4813,4814
4816,4817
4816,4818
4816,4819
4817,4818
4817,4819
4818,4819
4822,4823
4822,4824
4822,4825
4823,4824
4823,4825
4824,4825
4826,4827
4828,4829
4828,4830
4828,4831
4829,4830
4829,4831
4830,4831
4832,4833
4832,4834
4832,4835
4833,4834
4833,4835
4834,4835
4836,4837
4836,4838
4837,4838
4840,4841
4842,4843
4842,4844
4842,4845
4843,4844
4843,4845
4844,4845
4846,4847
4848,4849
4850,4851
4852,4853
4854,4855
4856,4857
4858,4859
4858,4860
4858,4861
4859,4860
4859,4861
4860,4861
4864,4865
4864,4866
4865,4866
4867,4868
4867,4869
4868,4869
4871,4872
4873,4874
4875,4876
4877,4878
4877,4879
4877,4880
4878,4879
4878,4880
4879,4880
4882,4883
4882,4884
4883,4884
4885,4886
4885,4887
4885,4888
4886,4887
4886,4888
4887,4888
4889,4890
4889,4891
4889,4892
4890,4891
4890,4892
4891,4892
4893,4894
4895,4896
4895,4897
4895,4898
4895,4899
4896,4897
4896,4898
4896,4899
4897,4898
4897,4899
4898,4899
4900,4901
4900,4902
4900,4903
4901,4902
4901,4903
4902,4903
4904,4905
4906,4907
4906,4908
4906,4909
4907,4908
4907,4909
4908,4909
4910,4911
4910,4912
4911,4912
4913,4914
4915,4916
4915,4917
4916,4917
4919,4920
4919,4921
4920,4921
4922,4923
4929,4930
4932,4933
4935,4936
4939,4940
4941,4942
4945,4946
4945,4947
4946,4947
4948,4949
4948,4950
4948,4951
4948,4952
4949,4950
4949,4951
4949,4952
4950,4951
4950,4952
4951,4952
4954,4955
4957,4958
4957,4959
4958,4959
4962,4963
4962,4964
4963,4964
4965,4966
4965,4967
4966,4967
4968,4969
4970,4971
4970,4972
4970,4973
4970,4974
4971,4972
4971,4973
4971,4974
4972,4973
4972,4974
4973,4974
4977,4978
4980,4981
4982,4983
4982,4984
4982,4985
4982,4986
4983,4984
4983,4985
4983,4986
4984,4985
4984,4986
4985,4986
4988,4989
4988,4990
4989,4990
4991,4992
4993,4994
4995,4996
4995,4997
4996,4997
4998,4999
4998,5000
4999,5000
